{
  "lang":"nb",
  "name":"pipeline",
  "version":"0.0.0",
  "spacy_version":">=3.7.2,<3.8.0",
  "description":"",
  "author":"",
  "email":"",
  "url":"",
  "license":"",
  "spacy_git_version":"a89eae928",
  "vectors":{
    "width":0,
    "vectors":0,
    "keys":0,
    "name":null,
    "mode":"default"
  },
  "labels":{
    "tok2vec":[

    ],
    "parser":[
      "ROOT",
      "acl",
      "acl:cleft",
      "acl:relcl",
      "advcl",
      "advmod",
      "amod",
      "appos",
      "aux",
      "aux:pass",
      "case",
      "cc",
      "ccomp",
      "compound",
      "compound:prt",
      "conj",
      "cop",
      "csubj",
      "csubj:pass",
      "dep",
      "det",
      "discourse",
      "expl",
      "flat:foreign",
      "flat:name",
      "goeswith",
      "iobj",
      "mark",
      "nmod",
      "nsubj",
      "nsubj:pass",
      "nummod",
      "obj",
      "obl",
      "orphan",
      "parataxis",
      "punct",
      "xcomp"
    ]
  },
  "pipeline":[
    "tok2vec",
    "parser"
  ],
  "components":[
    "tok2vec",
    "parser"
  ],
  "disabled":[

  ],
  "performance":{
    "dep_uas":0.8776823364,
    "dep_las":0.8408114819,
    "dep_las_per_type":{
      "nmod":{
        "p":0.7659063625,
        "r":0.7853918753,
        "f":0.7755267423
      },
      "nsubj":{
        "p":0.8922289735,
        "r":0.8600493218,
        "f":0.8758436666
      },
      "flat:name":{
        "p":0.8691588785,
        "r":0.9,
        "f":0.8843106181
      },
      "root":{
        "p":0.9012857735,
        "r":0.901659751,
        "f":0.9014727235
      },
      "advmod":{
        "p":0.8163165608,
        "r":0.8018234165,
        "f":0.8090050835
      },
      "mark":{
        "p":0.9119461582,
        "r":0.9043381535,
        "f":0.9081262217
      },
      "advcl":{
        "p":0.6802841918,
        "r":0.6569468268,
        "f":0.6684118674
      },
      "obj":{
        "p":0.8524390244,
        "r":0.8672456576,
        "f":0.8597785978
      },
      "case":{
        "p":0.9284607438,
        "r":0.9277419355,
        "f":0.9281012005
      },
      "det":{
        "p":0.9421747329,
        "r":0.9487341772,
        "f":0.9454430779
      },
      "obl":{
        "p":0.7338262477,
        "r":0.7185520362,
        "f":0.7261088249
      },
      "aux":{
        "p":0.9399260628,
        "r":0.920361991,
        "f":0.9300411523
      },
      "acl:relcl":{
        "p":0.7722095672,
        "r":0.7652370203,
        "f":0.768707483
      },
      "iobj":{
        "p":0.6666666667,
        "r":0.6363636364,
        "f":0.6511627907
      },
      "xcomp":{
        "p":0.6704545455,
        "r":0.6704545455,
        "f":0.6704545455
      },
      "cc":{
        "p":0.9076803724,
        "r":0.9020817271,
        "f":0.9048723898
      },
      "conj":{
        "p":0.7275426875,
        "r":0.7116920842,
        "f":0.7195301028
      },
      "compound:prt":{
        "p":0.7289377289,
        "r":0.7184115523,
        "f":0.7236363636
      },
      "amod":{
        "p":0.893957346,
        "r":0.9139915203,
        "f":0.9038634322
      },
      "nummod":{
        "p":0.8992248062,
        "r":0.9469387755,
        "f":0.9224652087
      },
      "ccomp":{
        "p":0.7333333333,
        "r":0.8661417323,
        "f":0.7942238267
      },
      "cop":{
        "p":0.8301462317,
        "r":0.8796185936,
        "f":0.8541666667
      },
      "appos":{
        "p":0.1968503937,
        "r":0.25,
        "f":0.2202643172
      },
      "expl":{
        "p":0.6426966292,
        "r":0.772972973,
        "f":0.7018404908
      },
      "csubj":{
        "p":0.641025641,
        "r":0.7299270073,
        "f":0.6825938567
      },
      "aux:pass":{
        "p":0.9099099099,
        "r":0.8416666667,
        "f":0.8744588745
      },
      "nsubj:pass":{
        "p":0.8393782383,
        "r":0.75,
        "f":0.7921760391
      },
      "acl:cleft":{
        "p":0.3214285714,
        "r":0.3333333333,
        "f":0.3272727273
      },
      "parataxis":{
        "p":0.8461538462,
        "r":0.6436170213,
        "f":0.7311178248
      },
      "acl":{
        "p":0.6875,
        "r":0.5766129032,
        "f":0.6271929825
      },
      "orphan":{
        "p":0.1428571429,
        "r":0.0769230769,
        "f":0.1
      },
      "goeswith":{
        "p":0.0,
        "r":0.0,
        "f":0.0
      },
      "compound":{
        "p":0.8125,
        "r":0.2765957447,
        "f":0.4126984127
      },
      "discourse":{
        "p":0.5384615385,
        "r":0.3043478261,
        "f":0.3888888889
      },
      "flat:foreign":{
        "p":0.0,
        "r":0.0,
        "f":0.0
      },
      "csubj:pass":{
        "p":0.0,
        "r":0.0,
        "f":0.0
      }
    },
    "sents_p":0.9975134687,
    "sents_r":0.9987551867,
    "sents_f":0.9981339415,
    "tok2vec_loss":38506.9145308876,
    "parser_loss":15947.2691465002
  }
}