{
  "lang":"nb",
  "name":"pipeline",
  "version":"0.0.0",
  "spacy_version":">=3.7.2,<3.8.0",
  "description":"",
  "author":"",
  "email":"",
  "url":"",
  "license":"",
  "spacy_git_version":"a89eae928",
  "vectors":{
    "width":0,
    "vectors":0,
    "keys":0,
    "name":null,
    "mode":"default"
  },
  "labels":{
    "tok2vec":[

    ],
    "parser":[
      "ROOT",
      "acl",
      "acl:cleft",
      "acl:relcl",
      "advcl",
      "advmod",
      "amod",
      "appos",
      "aux",
      "aux:pass",
      "case",
      "cc",
      "ccomp",
      "compound",
      "compound:prt",
      "conj",
      "cop",
      "csubj",
      "csubj:pass",
      "dep",
      "det",
      "discourse",
      "expl",
      "flat:foreign",
      "flat:name",
      "goeswith",
      "iobj",
      "mark",
      "nmod",
      "nsubj",
      "nsubj:pass",
      "nummod",
      "obj",
      "obl",
      "orphan",
      "parataxis",
      "punct",
      "xcomp"
    ]
  },
  "pipeline":[
    "tok2vec",
    "parser"
  ],
  "components":[
    "tok2vec",
    "parser"
  ],
  "disabled":[

  ],
  "performance":{
    "dep_uas":0.8789204048,
    "dep_las":0.8412963686,
    "dep_las_per_type":{
      "nmod":{
        "p":0.7687954729,
        "r":0.7804677883,
        "f":0.7745876604
      },
      "nsubj":{
        "p":0.8774373259,
        "r":0.8739210851,
        "f":0.8756756757
      },
      "flat:name":{
        "p":0.8896210873,
        "r":0.8709677419,
        "f":0.880195599
      },
      "root":{
        "p":0.9044850498,
        "r":0.9037344398,
        "f":0.904109589
      },
      "advmod":{
        "p":0.7998084291,
        "r":0.8013435701,
        "f":0.8005752637
      },
      "mark":{
        "p":0.9139183902,
        "r":0.9093437152,
        "f":0.9116253136
      },
      "advcl":{
        "p":0.6503496503,
        "r":0.6380789022,
        "f":0.6441558442
      },
      "obj":{
        "p":0.8634146341,
        "r":0.8784119107,
        "f":0.8708487085
      },
      "case":{
        "p":0.9293112377,
        "r":0.9261935484,
        "f":0.9277497738
      },
      "det":{
        "p":0.9432176656,
        "r":0.9462025316,
        "f":0.9447077409
      },
      "obl":{
        "p":0.7504664179,
        "r":0.7280542986,
        "f":0.7390904915
      },
      "aux":{
        "p":0.9375,
        "r":0.9366515837,
        "f":0.9370755998
      },
      "acl:relcl":{
        "p":0.8023255814,
        "r":0.7787810384,
        "f":0.7903780069
      },
      "iobj":{
        "p":0.7183098592,
        "r":0.5795454545,
        "f":0.641509434
      },
      "xcomp":{
        "p":0.6838407494,
        "r":0.6636363636,
        "f":0.6735870819
      },
      "cc":{
        "p":0.8955108359,
        "r":0.8920585968,
        "f":0.8937813828
      },
      "conj":{
        "p":0.6843922652,
        "r":0.7196804648,
        "f":0.7015929204
      },
      "compound:prt":{
        "p":0.7983870968,
        "r":0.714801444,
        "f":0.7542857143
      },
      "amod":{
        "p":0.9137399877,
        "r":0.8982434888,
        "f":0.9059254734
      },
      "nummod":{
        "p":0.8872180451,
        "r":0.9632653061,
        "f":0.9236790607
      },
      "ccomp":{
        "p":0.777385159,
        "r":0.8661417323,
        "f":0.8193668529
      },
      "acl":{
        "p":0.5650557621,
        "r":0.6129032258,
        "f":0.5880077369
      },
      "cop":{
        "p":0.8359908884,
        "r":0.8748510131,
        "f":0.8549796156
      },
      "appos":{
        "p":0.2266666667,
        "r":0.17,
        "f":0.1942857143
      },
      "expl":{
        "p":0.7016574586,
        "r":0.6864864865,
        "f":0.693989071
      },
      "csubj":{
        "p":0.685483871,
        "r":0.6204379562,
        "f":0.6513409962
      },
      "aux:pass":{
        "p":0.9145299145,
        "r":0.8916666667,
        "f":0.9029535865
      },
      "nsubj:pass":{
        "p":0.7601809955,
        "r":0.7777777778,
        "f":0.7688787185
      },
      "acl:cleft":{
        "p":0.4642857143,
        "r":0.4814814815,
        "f":0.4727272727
      },
      "orphan":{
        "p":0.25,
        "r":0.0384615385,
        "f":0.0666666667
      },
      "compound":{
        "p":0.7826086957,
        "r":0.3829787234,
        "f":0.5142857143
      },
      "goeswith":{
        "p":0.0,
        "r":0.0,
        "f":0.0
      },
      "parataxis":{
        "p":0.9097744361,
        "r":0.6436170213,
        "f":0.753894081
      },
      "discourse":{
        "p":0.6,
        "r":0.3913043478,
        "f":0.4736842105
      },
      "flat:foreign":{
        "p":0.1290322581,
        "r":0.1290322581,
        "f":0.1290322581
      },
      "csubj:pass":{
        "p":0.0,
        "r":0.0,
        "f":0.0
      }
    },
    "sents_p":0.9991704687,
    "sents_r":0.9995850622,
    "sents_f":0.9993777225,
    "tok2vec_loss":36047.6877996159,
    "parser_loss":22419.1050775538
  }
}